Area,Bedrooms,Bathrooms,Location,Price
1304,3,2,Semi-Urban,4120286
1773,4,3,Urban,7150102
1972,4,3,Rural,4665678
1409,3,2,Semi-Urban,4363399
1291,2,2,Semi-Urban,3926978
1620,3,3,Rural,3738271
2008,4,3,Rural,4570699
2083,4,3,Rural,4477398
1445,3,2,Semi-Urban,4181139
1470,3,2,Urban,4882319
1176,2,2,Semi-Urban,4148411
1431,3,2,Semi-Urban,4219838
1212,2,2,Semi-Urban,4079765
1278,2,2,Semi-Urban,4174786
1539,3,3,Rural,3867340
1998,4,3,Rural,4473876
1899,4,3,Urban,7058237
1565,3,3,Rural,3762641
1570,3,3,Rural,3617038
1130,2,2,Semi-Urban,4092828
2169,5,4,Urban,9036434
2055,4,3,Rural,4498759
1432,3,2,Urban,5180861
1665,3,3,Rural,3684378
1799,4,3,Urban,7074266
2196,5,4,Urban,8906902
2209,5,4,Urban,9187191
1533,3,2,Urban,5035627
1555,3,3,Rural,3907733
1732,4,3,Urban,7197703
1996,4,3,Rural,4378835
932,2,1,Urban,3140137
1898,4,3,Urban,7164371
1530,3,2,Urban,5039656
2124,5,4,Urban,8898665
1959,4,3,Rural,4419764
1866,4,3,Urban,7033993
918,2,1,Urban,3074751
1027,2,1,Urban,2882451
1177,2,2,Semi-Urban,4091015
1279,2,2,Semi-Urban,3864641
1457,3,2,Semi-Urban,4386196
1453,3,2,Urban,5073672
1505,3,3,Rural,3793376
1862,4,3,Urban,6979998
1759,4,3,Urban,7133368
1540,3,3,Rural,3813413
1470,3,2,Semi-Urban,4249438
2133,5,4,Urban,9120215
2159,5,4,Urban,8822886
1330,3,2,Semi-Urban,4132303
2287,5,4,Urban,8967222
1237,2,2,Semi-Urban,4000384
1826,4,3,Urban,7117779
1469,3,2,Semi-Urban,4049687
1793,4,3,Urban,7018158
1618,3,3,Rural,3817952
943,2,1,Urban,3093449
1256,2,2,Semi-Urban,3896736
1903,4,3,Rural,4665612
1215,2,2,Semi-Urban,3868420
1357,3,2,Semi-Urban,4352696
1949,4,3,Rural,4383639
970,2,1,Urban,2903168
1404,3,2,Semi-Urban,4358456
1577,3,2,Urban,5128866
1874,4,3,Urban,7066883
926,2,1,Urban,3125027
1799,4,3,Urban,7183805
2247,5,4,Urban,9023091
1428,3,2,Urban,5026188
1475,3,2,Urban,5195114
1077,2,1,Urban,3145076
1590,3,2,Urban,5020090
2068,4,3,Rural,4371598
1421,3,2,Urban,5126120
1870,4,3,Urban,6859036
1873,4,3,Urban,7199895
1490,3,2,Semi-Urban,4172409
1874,4,3,Urban,7053047
1454,3,2,Semi-Urban,4040717
1892,4,3,Urban,7110424
1919,4,3,Rural,4464011
1669,3,3,Rural,3793338
1300,3,2,Semi-Urban,4236960
1212,2,2,Semi-Urban,4191204
2233,5,4,Urban,8901993
1099,2,1,Urban,3115029
1754,4,3,Urban,6806260
1580,3,2,Urban,5107889
1539,3,3,Rural,3894503
1877,4,3,Urban,6995100
1506,3,2,Urban,4878385
2239,5,4,Urban,8836554
2284,5,4,Urban,9095588
2138,5,4,Urban,9082455
1516,3,2,Urban,5046441
1802,4,3,Urban,7096640
2259,5,4,Urban,9105971
1927,4,3,Rural,4520714
1351,3,2,Semi-Urban,4366297
1405,3,2,Urban,4875485
1516,3,2,Urban,4812098
1758,4,3,Urban,6967407
1598,3,2,Urban,5061155
1467,3,2,Urban,4974097
2208,5,4,Urban,9144518
1861,4,3,Urban,6901924
2283,5,4,Urban,9179155
1351,3,2,Semi-Urban,4090064
1685,3,3,Rural,3666152
1497,3,2,Semi-Urban,4146715
1506,3,3,Rural,3686285
2143,5,4,Urban,8881519
1370,3,2,Semi-Urban,4239369
1803,4,3,Urban,7110554
929,2,1,Urban,3123113
2173,5,4,Urban,8935211
1645,3,3,Rural,3847883
2032,4,3,Rural,4647822
1675,3,3,Rural,3835808
2047,4,3,Rural,4463811
1421,3,2,Urban,4942578
1329,3,2,Semi-Urban,4169638
2015,4,3,Rural,4553803
1685,3,3,Rural,3849505
1500,3,2,Urban,4992687
1067,2,1,Urban,3068069
1729,4,3,Urban,7090166
1732,4,3,Urban,6958816
1812,4,3,Urban,7037637
2069,4,3,Rural,4671241
1017,2,1,Urban,2952355
2078,4,3,Rural,4404573
1451,3,2,Semi-Urban,4355323
2002,4,3,Rural,4317897
1087,2,1,Urban,2838016
977,2,1,Urban,2863566
1473,3,2,Semi-Urban,4367850
1099,2,1,Urban,3065060
1583,3,3,Rural,3866795
934,2,1,Urban,2822288
1810,4,3,Urban,7085400
1511,3,3,Rural,3978702
1592,3,3,Rural,3801033
1481,3,2,Semi-Urban,4287509
1163,2,2,Semi-Urban,3962404
1299,2,2,Semi-Urban,4127163
939,2,1,Urban,2821118
1515,3,3,Rural,3783045
1277,2,2,Semi-Urban,3805551
1140,2,2,Semi-Urban,3869784
1025,2,1,Urban,3062767
1141,2,2,Semi-Urban,3929851
1917,4,3,Rural,4665818
1406,3,2,Urban,5027460
1317,3,2,Semi-Urban,4117045
1450,3,2,Urban,4879000
1078,2,1,Urban,3073854
1723,4,3,Urban,6931067
1447,3,2,Semi-Urban,4352501
950,2,1,Urban,3053859
1545,3,3,Rural,3871623
1815,4,3,Urban,7009379
1521,3,2,Urban,4856359
1094,2,1,Urban,3189153
1518,3,3,Rural,3677079
1352,3,2,Semi-Urban,4058038
1483,3,2,Semi-Urban,4131650
2113,5,4,Urban,9138222
1514,3,3,Rural,3798195
1947,4,3,Rural,4438293
1123,2,2,Semi-Urban,4006816
1743,4,3,Urban,7020061
1665,3,3,Rural,3838792
2290,5,4,Urban,8893919
1266,2,2,Semi-Urban,4183898
1216,2,2,Semi-Urban,4049666
1039,2,1,Urban,3179688
1218,2,2,Semi-Urban,4145601
2038,4,3,Rural,4431717
1364,3,2,Semi-Urban,4069066
2276,5,4,Urban,9124586
1270,2,2,Semi-Urban,4155857
1001,2,1,Urban,2998888
1947,4,3,Rural,4520989
1505,3,2,Urban,5066103
1489,3,2,Semi-Urban,4281844
1368,3,2,Semi-Urban,4068706
2201,5,4,Urban,9035914
1389,3,2,Semi-Urban,4220707
1294,2,2,Semi-Urban,3808546
927,2,1,Urban,3090128
1465,3,2,Semi-Urban,4189210
1373,3,2,Semi-Urban,4019196
1504,3,2,Urban,4904809
1490,3,2,Urban,5043907
1841,4,3,Urban,7180174
1972,4,3,Rural,4522292
1284,2,2,Semi-Urban,4113891
1409,3,2,Semi-Urban,4097448
1670,3,3,Rural,3979054
1496,3,2,Semi-Urban,4220548
1005,2,1,Urban,2900232
1874,4,3,Urban,7068062
1925,4,3,Rural,4605414
1516,3,3,Rural,3772671
1835,4,3,Urban,6880425
2231,5,4,Urban,8965221
1989,4,3,Rural,4361180
1399,3,2,Semi-Urban,4356680
1351,3,2,Semi-Urban,4054259
1997,4,3,Rural,4417005
1358,3,2,Semi-Urban,4186733
1209,2,2,Semi-Urban,3841975
1957,4,3,Rural,4304106
1893,4,3,Urban,7066637
1930,4,3,Rural,4303496
1562,3,3,Rural,3629859
1417,3,2,Semi-Urban,4211816
1247,2,2,Semi-Urban,4195168
1126,2,2,Semi-Urban,4151040
2283,5,4,Urban,8909508
1879,4,3,Urban,7195536
1542,3,2,Urban,4839484
1599,3,2,Urban,4907479
1939,4,3,Rural,4495919
2205,5,4,Urban,9119419
953,2,1,Urban,2884765
2034,4,3,Rural,4345592
2292,5,4,Urban,9197866
1817,4,3,Urban,7184949
1797,4,3,Urban,7196235
1837,4,3,Urban,6903308
1859,4,3,Urban,6972100
1855,4,3,Urban,7186803
2111,5,4,Urban,9131305
2130,5,4,Urban,9144253
1182,2,2,Semi-Urban,4153989
1630,3,3,Rural,3759948
1443,3,2,Urban,5097635
1464,3,2,Semi-Urban,4134210
1772,4,3,Urban,6944085
906,2,1,Urban,3040844
1315,3,2,Semi-Urban,4322750
2168,5,4,Urban,9136969
913,2,1,Urban,2989245
1090,2,1,Urban,3121669
1029,2,1,Urban,3036032
1117,2,2,Semi-Urban,3992620
2131,5,4,Urban,8934766
1059,2,1,Urban,3016771
1747,4,3,Urban,6933401
2042,4,3,Rural,4414369
1046,2,1,Urban,3191053
1255,2,2,Semi-Urban,4197455
1309,3,2,Semi-Urban,4100915
2256,5,4,Urban,9128917
1581,3,3,Rural,3963147
1226,2,2,Semi-Urban,3997810
937,2,1,Urban,2918322
2276,5,4,Urban,9103760
2014,4,3,Rural,4572139
922,2,1,Urban,3167660
1215,2,2,Semi-Urban,3833649
1432,3,2,Urban,4881345
1716,4,3,Urban,6818757
1596,3,3,Rural,3904849
1406,3,2,Semi-Urban,4284814
1195,2,2,Semi-Urban,3865661
2214,5,4,Urban,9194734
1508,3,3,Rural,3938906
1543,3,3,Rural,3710059
1593,3,3,Rural,3799642
990,2,1,Urban,3147115
1897,4,3,Urban,7001115
1086,2,1,Urban,3061271
2128,5,4,Urban,8897274
997,2,1,Urban,2875443
1565,3,2,Urban,5052791
1748,4,3,Urban,7065162
1752,4,3,Urban,7061792
2218,5,4,Urban,9115718
1442,3,2,Semi-Urban,4232952
1595,3,2,Urban,4985588
1193,2,2,Semi-Urban,3964036
945,2,1,Urban,3182297
1951,4,3,Rural,4590332
984,2,1,Urban,2811015
1591,3,3,Rural,3915053
913,2,1,Urban,2932582
1286,2,2,Semi-Urban,4053939
1092,2,1,Urban,3021841
1426,3,2,Urban,4952980
1544,3,2,Urban,4866622
1821,4,3,Urban,6899072
2192,5,4,Urban,9136687
1498,3,2,Semi-Urban,4090957
1936,4,3,Rural,4598595
1588,3,3,Rural,3662085
1070,2,1,Urban,3063012
1086,2,1,Urban,2807831
1166,2,2,Semi-Urban,3897654
2138,5,4,Urban,9153020
1598,3,2,Urban,4849996
2003,4,3,Rural,4300849
1729,4,3,Urban,7129083
1572,3,2,Urban,4989584
1695,3,3,Rural,3719726
2114,5,4,Urban,9142207
1554,3,3,Rural,3903545
1444,3,2,Semi-Urban,4377024
1877,4,3,Urban,6938213
1395,3,2,Semi-Urban,4207405
1226,2,2,Semi-Urban,3913006
1669,3,3,Rural,3614582
1197,2,2,Semi-Urban,3925050
943,2,1,Urban,3101693
1493,3,2,Semi-Urban,4015924
2231,5,4,Urban,9186363
1535,3,3,Rural,3682814
2068,4,3,Rural,4324662
1755,4,3,Urban,6871648
1507,3,2,Urban,4982342
2140,5,4,Urban,9015537
2127,5,4,Urban,9106077
1125,2,2,Semi-Urban,4053211
1423,3,2,Semi-Urban,4067733
1670,3,3,Rural,3612917
1590,3,3,Rural,3960573
1014,2,1,Urban,3024903
1064,2,1,Urban,2976394
1731,4,3,Urban,7157524
1124,2,2,Semi-Urban,3812218
2294,5,4,Urban,9135253
1556,3,3,Rural,3842475
2025,4,3,Rural,4400157
1215,2,2,Semi-Urban,3810473
1842,4,3,Urban,7146304
1784,4,3,Urban,6840874
1258,2,2,Semi-Urban,4007246
1886,4,3,Urban,7079042
1141,2,2,Semi-Urban,4191820
1549,3,2,Urban,4908847
1281,2,2,Semi-Urban,3976475
1474,3,2,Semi-Urban,4237133
1287,2,2,Semi-Urban,3988319
1744,4,3,Urban,6815235
1657,3,3,Rural,3981920
1342,3,2,Semi-Urban,4199637
1727,4,3,Urban,7043314
1098,2,1,Urban,3034828
1030,2,1,Urban,2838665
1518,3,3,Rural,3890500
1564,3,3,Rural,3630628
1331,3,2,Semi-Urban,4000178
1520,3,2,Urban,4896274
1688,3,3,Rural,3846461
956,2,1,Urban,3158391
1232,2,2,Semi-Urban,4142070
1872,4,3,Urban,6997949
1021,2,1,Urban,3077967
1066,2,1,Urban,3144439
1480,3,2,Urban,5055870
1396,3,2,Semi-Urban,4257861
1327,3,2,Semi-Urban,4387277
2195,5,4,Urban,8848743
1565,3,2,Urban,4807776
1194,2,2,Semi-Urban,3844264
1494,3,2,Semi-Urban,4276750
1895,4,3,Urban,7122718
1527,3,3,Rural,3650341
1594,3,2,Urban,5034514
1559,3,3,Rural,3761477
1073,2,1,Urban,2840173
1724,4,3,Urban,6910822
1729,4,3,Urban,7196691
916,2,1,Urban,2838452
1592,3,2,Urban,5037603
976,2,1,Urban,2815768
1530,3,3,Rural,3992343
2258,5,4,Urban,8983438
1788,4,3,Urban,7101413
2003,4,3,Rural,4643234
2047,4,3,Rural,4673486
1632,3,3,Rural,3913145
1280,2,2,Semi-Urban,3982541
1459,3,2,Semi-Urban,4197600
978,2,1,Urban,3032219
902,2,1,Urban,2863819
1238,2,2,Semi-Urban,3878264
1109,2,2,Semi-Urban,3981975
1681,3,3,Rural,3841452
1502,3,3,Rural,3649476
1149,2,2,Semi-Urban,3990529
1833,4,3,Urban,6857634
1643,3,3,Rural,3646173
2187,5,4,Urban,9045432
1534,3,3,Rural,3705483
1082,2,1,Urban,2912070
1651,3,3,Rural,3686738
1860,4,3,Urban,6828643
1139,2,2,Semi-Urban,4065991
1042,2,1,Urban,2859884
1505,3,3,Rural,3647114
1811,4,3,Urban,7150211
2188,5,4,Urban,8916615
1544,3,3,Rural,3853669
1769,4,3,Urban,7073880
2258,5,4,Urban,8906506
1273,2,2,Semi-Urban,3889420
1605,3,3,Rural,3676594
2266,5,4,Urban,9050032
997,2,1,Urban,3198849
1131,2,2,Semi-Urban,4012347
917,2,1,Urban,2862340
2042,4,3,Rural,4353394
1507,3,2,Urban,5012779
1698,3,3,Rural,3696139
2184,5,4,Urban,8913013
1400,3,2,Urban,5034921
1449,3,2,Urban,5024670
2146,5,4,Urban,9067788
1260,2,2,Semi-Urban,4165275
1508,3,3,Rural,3993627
2033,4,3,Rural,4560869
1082,2,1,Urban,3009468
1857,4,3,Urban,6965703
952,2,1,Urban,2932538
1721,4,3,Urban,7162015
1011,2,1,Urban,2827729
2253,5,4,Urban,9129980
1994,4,3,Rural,4453155
1664,3,3,Rural,3712596
1745,4,3,Urban,7019563
1668,3,3,Rural,3813909
1654,3,3,Rural,3946053
1589,3,3,Rural,3967641
1403,3,2,Semi-Urban,4219402
1138,2,2,Semi-Urban,3812002
917,2,1,Urban,3162270
1616,3,3,Rural,3984678
1059,2,1,Urban,2968621
1697,3,3,Rural,3828374
1797,4,3,Urban,6897348
1242,2,2,Semi-Urban,3999201
1107,2,2,Semi-Urban,4093871
2277,5,4,Urban,8877724
1454,3,2,Semi-Urban,4378687
2145,5,4,Urban,8975824
2164,5,4,Urban,8816424
2214,5,4,Urban,8876522
2197,5,4,Urban,8975022
2100,5,4,Urban,8842574
2031,4,3,Rural,4607956
1166,2,2,Semi-Urban,4011432
2211,5,4,Urban,9183019
1697,3,3,Rural,3830923
1254,2,2,Semi-Urban,3884669
1256,2,2,Semi-Urban,3839851
1511,3,2,Urban,4976407
2096,4,3,Rural,4470621
2129,5,4,Urban,9035431
1075,2,1,Urban,2818480
1743,4,3,Urban,6969562
1420,3,2,Semi-Urban,4383692
1625,3,3,Rural,3623787
1087,2,1,Urban,2816745
2062,4,3,Rural,4562402
1899,4,3,Urban,7034033
1996,4,3,Rural,4612167
1576,3,3,Rural,3963031
1115,2,2,Semi-Urban,4132317
1713,4,3,Urban,7042841
1209,2,2,Semi-Urban,4184706
1622,3,3,Rural,3632257
1059,2,1,Urban,2838785
1678,3,3,Rural,3917307
914,2,1,Urban,3073968
1703,4,3,Urban,7132474
1879,4,3,Urban,6884199
2238,5,4,Urban,9069084
2031,4,3,Rural,4536699
2193,5,4,Urban,9199822
2088,4,3,Rural,4603575
2169,5,4,Urban,9111178
1280,2,2,Semi-Urban,4142482
1744,4,3,Urban,6804154
959,2,1,Urban,2810146
1988,4,3,Rural,4499222
1573,3,3,Rural,3855352
2065,4,3,Rural,4337836
1078,2,1,Urban,2878092
2279,5,4,Urban,9027806
1971,4,3,Rural,4516206
1308,3,2,Semi-Urban,4148152
1204,2,2,Semi-Urban,3946245
1701,4,3,Urban,6942130
1041,2,1,Urban,3040014
1771,4,3,Urban,7004674
1340,3,2,Semi-Urban,4156944
2000,4,3,Rural,4691909
2001,4,3,Rural,4679676
1547,3,3,Rural,3602086
1488,3,2,Semi-Urban,4129328
1042,2,1,Urban,2975043
1690,3,3,Rural,3906960
1193,2,2,Semi-Urban,3821310
1682,3,3,Rural,3910380
1573,3,2,Urban,4810832
935,2,1,Urban,3009048
1462,3,2,Urban,4910311
1384,3,2,Semi-Urban,4177692
2249,5,4,Urban,8868359
1536,3,2,Urban,5100056
1284,2,2,Semi-Urban,4007300
1669,3,3,Rural,3700662
2112,5,4,Urban,9175632
1570,3,3,Rural,3770961
1569,3,2,Urban,4865144
1636,3,3,Rural,3840544
1408,3,2,Semi-Urban,4241211
2204,5,4,Urban,9199505
1331,3,2,Semi-Urban,4227579
1517,3,2,Urban,5189956
1316,3,2,Semi-Urban,4325508
1243,2,2,Semi-Urban,4150477
1416,3,2,Urban,5127484
1500,3,2,Urban,5052342
1508,3,2,Urban,5115404
1082,2,1,Urban,2865159
1655,3,3,Rural,3955855
907,2,1,Urban,2969841
1078,2,1,Urban,3005710
1177,2,2,Semi-Urban,4098869
2105,5,4,Urban,9027554
1631,3,3,Rural,3966224
1476,3,2,Semi-Urban,4159723
2082,4,3,Rural,4370215
1546,3,2,Urban,5080131
1466,3,2,Semi-Urban,4245240
1433,3,2,Urban,4975419
1112,2,2,Semi-Urban,3961397
1561,3,2,Urban,4895060
906,2,1,Urban,3030075
1534,3,3,Rural,3869682
1925,4,3,Rural,4393004
1793,4,3,Urban,7101668
1592,3,2,Urban,4802294
1305,3,2,Semi-Urban,4177863
996,2,1,Urban,3071488
1798,4,3,Urban,6921358
1949,4,3,Rural,4414026
1854,4,3,Urban,7089814
1076,2,1,Urban,3042836
1649,3,3,Rural,3905984
1594,3,3,Rural,3848329
2107,5,4,Urban,8819350
1545,3,3,Rural,3774192
2157,5,4,Urban,8895772
1848,4,3,Urban,7116058
1234,2,2,Semi-Urban,4134985
1472,3,2,Semi-Urban,4270532
1430,3,2,Semi-Urban,4056115
1751,4,3,Urban,6851829
1471,3,2,Urban,4850554
1507,3,2,Urban,5114953
1554,3,3,Rural,3685319
1499,3,2,Semi-Urban,4207151
1342,3,2,Semi-Urban,4282868
2280,5,4,Urban,9152668
1106,2,2,Semi-Urban,4078528
1002,2,1,Urban,3057570
1417,3,2,Urban,4886903
1427,3,2,Semi-Urban,4090656
2251,5,4,Urban,9150268
2003,4,3,Rural,4314533
2189,5,4,Urban,9008634
1452,3,2,Urban,4851418
1432,3,2,Urban,4813640
2192,5,4,Urban,9069503
977,2,1,Urban,2863947
1720,4,3,Urban,7177154
1599,3,2,Urban,4893705
2126,5,4,Urban,9161063
1306,3,2,Semi-Urban,4281640
2164,5,4,Urban,9023213
1212,2,2,Semi-Urban,4113524
1781,4,3,Urban,7114798
2063,4,3,Rural,4561454
907,2,1,Urban,3039628
1652,3,3,Rural,3956525
1991,4,3,Rural,4461645
1730,4,3,Urban,6988602
1721,4,3,Urban,6890534
1828,4,3,Urban,7175519
1940,4,3,Rural,4526764
1322,3,2,Semi-Urban,4111131
1807,4,3,Urban,7122731
2137,5,4,Urban,8973998
1904,4,3,Rural,4350395
1531,3,3,Rural,3736044
1782,4,3,Urban,7196626
2245,5,4,Urban,8938751
1320,3,2,Semi-Urban,4005287
1293,2,2,Semi-Urban,3932507
1499,3,2,Semi-Urban,4335436
1566,3,3,Rural,3676903
1734,4,3,Urban,7153588
1625,3,3,Rural,3618992
1989,4,3,Rural,4691378
1441,3,2,Urban,5148562
1722,4,3,Urban,6900475
1529,3,2,Urban,5018702
2234,5,4,Urban,8997414
1188,2,2,Semi-Urban,3944392
1059,2,1,Urban,3032366
1621,3,3,Rural,3857263
1467,3,2,Semi-Urban,4227563
1243,2,2,Semi-Urban,4106027
1843,4,3,Urban,7013262
1540,3,2,Urban,4944487
1409,3,2,Semi-Urban,4330586
1442,3,2,Urban,4994480
2037,4,3,Rural,4421017
1489,3,2,Urban,4840567
2084,4,3,Rural,4540381
2125,5,4,Urban,9059986
1356,3,2,Semi-Urban,4035498
1338,3,2,Semi-Urban,4050795
1013,2,1,Urban,2941406
1727,4,3,Urban,7000183
1951,4,3,Rural,4680392
1008,2,1,Urban,3151686
1468,3,2,Urban,4975796
1599,3,2,Urban,5198683
968,2,1,Urban,2902838
1433,3,2,Semi-Urban,4073210
1568,3,2,Urban,5083217
1680,3,3,Rural,3773156
2261,5,4,Urban,9055048
2167,5,4,Urban,8868155
1510,3,3,Rural,3617221
963,2,1,Urban,3001816
1649,3,3,Rural,3655904
2013,4,3,Rural,4326229
1911,4,3,Rural,4360019
928,2,1,Urban,2882390
1557,3,3,Rural,3653020
1949,4,3,Rural,4396937
1308,3,2,Semi-Urban,4135065
1530,3,3,Rural,3695450
1474,3,2,Semi-Urban,4195938
2076,4,3,Rural,4384810
2179,5,4,Urban,8893230
1976,4,3,Rural,4317746
1446,3,2,Semi-Urban,4394709
1113,2,2,Semi-Urban,4082587
1714,4,3,Urban,6967161
1578,3,2,Urban,5189222
1697,3,3,Rural,3893693
1207,2,2,Semi-Urban,3930225
1925,4,3,Rural,4377966
2244,5,4,Urban,8850253
1043,2,1,Urban,3060976
1909,4,3,Rural,4678997
2195,5,4,Urban,8901486
1868,4,3,Urban,7110600
1987,4,3,Rural,4458746
1399,3,2,Semi-Urban,4040120
1004,2,1,Urban,3128095
2244,5,4,Urban,9025689
2250,5,4,Urban,8913281
2201,5,4,Urban,9198577
1810,4,3,Urban,6835291
2070,4,3,Rural,4418820
1845,4,3,Urban,6872044
1541,3,3,Rural,3620155
1497,3,2,Urban,4983961
1469,3,2,Urban,4997209
1607,3,3,Rural,3722427
1925,4,3,Rural,4465661
1456,3,2,Semi-Urban,4172610
1737,4,3,Urban,7156520
1067,2,1,Urban,2925860
2282,5,4,Urban,9084424
2255,5,4,Urban,8816248
1964,4,3,Rural,4379234
1454,3,2,Semi-Urban,4221431
1511,3,2,Urban,4971176
1598,3,2,Urban,5088078
2144,5,4,Urban,9158453
1925,4,3,Rural,4665158
1767,4,3,Urban,6942054
1450,3,2,Urban,4906564
1724,4,3,Urban,6978884
1363,3,2,Semi-Urban,4254629
1407,3,2,Urban,4985688
1485,3,2,Urban,5108545
1142,2,2,Semi-Urban,4036739
1547,3,2,Urban,5002062
1620,3,3,Rural,3921691
1099,2,1,Urban,3168302
1515,3,3,Rural,3902945
1915,4,3,Rural,4517108
1952,4,3,Rural,4344321
1705,4,3,Urban,7045214
1579,3,3,Rural,3966044
1590,3,3,Rural,3919698
1520,3,3,Rural,3668542
1384,3,2,Semi-Urban,4168707
1456,3,2,Urban,4938570
955,2,1,Urban,3022372
1841,4,3,Urban,6823968
1521,3,3,Rural,3709187
1585,3,3,Rural,3976978
1268,2,2,Semi-Urban,3875568
1706,4,3,Urban,7088890
1696,3,3,Rural,3833402
1789,4,3,Urban,6996608
1430,3,2,Urban,4983132
1221,2,2,Semi-Urban,4000092
1839,4,3,Urban,6803942
905,2,1,Urban,3139602
901,2,1,Urban,2899830
1937,4,3,Rural,4656813
1222,2,2,Semi-Urban,4132768
1223,2,2,Semi-Urban,3891853
2002,4,3,Rural,4594747
1762,4,3,Urban,7006957
1243,2,2,Semi-Urban,4171432
1097,2,1,Urban,2881678
931,2,1,Urban,3001887
1685,3,3,Rural,3959429
1494,3,2,Urban,4909004
1188,2,2,Semi-Urban,4072465
1769,4,3,Urban,6908003
1977,4,3,Rural,4371477
2011,4,3,Rural,4657430
1893,4,3,Urban,7145330
1479,3,2,Semi-Urban,4308413
2253,5,4,Urban,8856719
1570,3,2,Urban,4824056
2053,4,3,Rural,4370020
1190,2,2,Semi-Urban,4140712
1497,3,2,Urban,5086891
1298,2,2,Semi-Urban,4061061
1375,3,2,Semi-Urban,4029688
987,2,1,Urban,3044373
1445,3,2,Urban,5123753
1672,3,3,Rural,3755781
2079,4,3,Rural,4567332
1571,3,2,Urban,4858577
1560,3,2,Urban,5025085
1408,3,2,Urban,5076895
2161,5,4,Urban,9018550
1500,3,2,Urban,5019216
1151,2,2,Semi-Urban,3966828
925,2,1,Urban,3163750
1387,3,2,Semi-Urban,4187419
1712,4,3,Urban,7021513
1519,3,2,Urban,4932271
2031,4,3,Rural,4379942
1411,3,2,Urban,5105446
1980,4,3,Rural,4329864
1179,2,2,Semi-Urban,3811704
2068,4,3,Rural,4614354
1608,3,3,Rural,3924335
1774,4,3,Urban,7169455
909,2,1,Urban,2914570
2070,4,3,Rural,4612043
2066,4,3,Rural,4300698
971,2,1,Urban,3172423
1754,4,3,Urban,7184808
1424,3,2,Urban,5071916
2066,4,3,Rural,4560778
986,2,1,Urban,3170998
1557,3,3,Rural,3804661
1641,3,3,Rural,3603301
1269,2,2,Semi-Urban,3904984
1013,2,1,Urban,2896077
1181,2,2,Semi-Urban,3887072
1663,3,3,Rural,3846473
1806,4,3,Urban,7179684
1563,3,2,Urban,5182255
963,2,1,Urban,3197367
1329,3,2,Semi-Urban,4042929
1638,3,3,Rural,3654969
1694,3,3,Rural,3645106
1460,3,2,Semi-Urban,4112672
2120,5,4,Urban,9050939
1600,3,3,Rural,3952211
1964,4,3,Rural,4377447
1826,4,3,Urban,7115643
1096,2,1,Urban,2871389
1333,3,2,Semi-Urban,4367291
2088,4,3,Rural,4307337
1301,3,2,Semi-Urban,4191966
973,2,1,Urban,3170972
1171,2,2,Semi-Urban,4146791
1084,2,1,Urban,3095493
2197,5,4,Urban,9192250
1018,2,1,Urban,2990267
1065,2,1,Urban,2841328
2288,5,4,Urban,9188129
1724,4,3,Urban,6998975
1668,3,3,Rural,3684590
1088,2,1,Urban,3038331
2131,5,4,Urban,8820903
2007,4,3,Rural,4318245
1248,2,2,Semi-Urban,4161923
1297,2,2,Semi-Urban,3826515
965,2,1,Urban,3181477
1707,4,3,Urban,7195325
1845,4,3,Urban,7122795
2090,4,3,Rural,4365188
1004,2,1,Urban,3084331
1206,2,2,Semi-Urban,3821258
1820,4,3,Urban,7073621
979,2,1,Urban,3083876
1364,3,2,Semi-Urban,4098699
1852,4,3,Urban,7064558
2244,5,4,Urban,9182586
1317,3,2,Semi-Urban,4172646
1532,3,3,Rural,3909251
1781,4,3,Urban,7038941
1224,2,2,Semi-Urban,4029570
1505,3,2,Urban,4875364
1407,3,2,Semi-Urban,4182932
1518,3,3,Rural,3793543
1921,4,3,Rural,4416825
1963,4,3,Rural,4381896
1167,2,2,Semi-Urban,3976205
1880,4,3,Urban,7024211
1034,2,1,Urban,3038581
1758,4,3,Urban,7093554
1102,2,2,Semi-Urban,4061725
1912,4,3,Rural,4467153
1716,4,3,Urban,7178096
1963,4,3,Rural,4331234
1342,3,2,Semi-Urban,4194809
1669,3,3,Rural,3747446
981,2,1,Urban,3005006
1304,3,2,Semi-Urban,4190739
1966,4,3,Rural,4447819
1982,4,3,Rural,4514876
1486,3,2,Urban,4942622
1406,3,2,Urban,5189603
1354,3,2,Semi-Urban,4064797
2123,5,4,Urban,9054581
1437,3,2,Semi-Urban,4382093
1456,3,2,Urban,4969668
1977,4,3,Rural,4529534
1106,2,2,Semi-Urban,4184812
1435,3,2,Semi-Urban,4168489
1965,4,3,Rural,4430469
1172,2,2,Semi-Urban,3914436
1126,2,2,Semi-Urban,3808726
1467,3,2,Urban,5082758
1416,3,2,Semi-Urban,4131008
1797,4,3,Urban,7054566
918,2,1,Urban,2823045
1461,3,2,Urban,5056019
1478,3,2,Urban,5027147
1799,4,3,Urban,7190279
1008,2,1,Urban,2931434
2049,4,3,Rural,4377689
2106,5,4,Urban,8870588
1441,3,2,Semi-Urban,4129339
2214,5,4,Urban,8893296
2099,4,3,Rural,4506330
1567,3,3,Rural,3656565
1498,3,2,Urban,4869674
1025,2,1,Urban,3168901
1508,3,2,Urban,5063539
1118,2,2,Semi-Urban,4153398
1434,3,2,Urban,4877657
1580,3,2,Urban,5055680
2085,4,3,Rural,4402731
2029,4,3,Rural,4639598
2067,4,3,Rural,4345637
2136,5,4,Urban,9158770
1231,2,2,Semi-Urban,3981196
1654,3,3,Rural,3603542
1686,3,3,Rural,3978942
1908,4,3,Rural,4584248
1052,2,1,Urban,3027521
2290,5,4,Urban,8832146
1787,4,3,Urban,6984623
967,2,1,Urban,2874323
1398,3,2,Semi-Urban,4395062
1437,3,2,Semi-Urban,4220296
928,2,1,Urban,2888542
1935,4,3,Rural,4439362
1710,4,3,Urban,7162904
1840,4,3,Urban,7062852
2244,5,4,Urban,9045247
1842,4,3,Urban,7171545
1312,3,2,Semi-Urban,4367485
1220,2,2,Semi-Urban,4108850
2092,4,3,Rural,4609019
1758,4,3,Urban,6975862
2292,5,4,Urban,8815565
1356,3,2,Semi-Urban,4244514
1242,2,2,Semi-Urban,3987491
1558,3,2,Urban,4809958
1515,3,2,Urban,5186521
1147,2,2,Semi-Urban,4094938
1404,3,2,Semi-Urban,4318041
2261,5,4,Urban,8934946
1237,2,2,Semi-Urban,3915920
2026,4,3,Rural,4599477
2034,4,3,Rural,4649326
1476,3,2,Urban,5008570
1826,4,3,Urban,6867453
2150,5,4,Urban,9057643
1400,3,2,Urban,4815427
1835,4,3,Urban,6825671
1830,4,3,Urban,7178556
1692,3,3,Rural,3918497
1923,4,3,Rural,4468943
1303,3,2,Semi-Urban,4014406
998,2,1,Urban,2898518
1334,3,2,Semi-Urban,4169428
1080,2,1,Urban,2953413
1264,2,2,Semi-Urban,3900067
1956,4,3,Rural,4406691
1882,4,3,Urban,7076013
2217,5,4,Urban,9185781
1019,2,1,Urban,2843326
1301,3,2,Semi-Urban,4325076
1768,4,3,Urban,7118743
1031,2,1,Urban,3082357
1006,2,1,Urban,3037348
1696,3,3,Rural,3874698
992,2,1,Urban,2979850
2137,5,4,Urban,8983671
1978,4,3,Rural,4439488
2125,5,4,Urban,9023662
1545,3,2,Urban,5179489
1706,4,3,Urban,7096737
1972,4,3,Rural,4684215
1590,3,3,Rural,3988823
2085,4,3,Rural,4406577
1936,4,3,Rural,4519770
1430,3,2,Semi-Urban,4177390
2071,4,3,Rural,4539612
1609,3,3,Rural,3779779
2183,5,4,Urban,8827783
1930,4,3,Rural,4527218
1266,2,2,Semi-Urban,4143260
1735,4,3,Urban,7077068
2040,4,3,Rural,4556946
1709,4,3,Urban,6942214
1276,2,2,Semi-Urban,3859893
1103,2,2,Semi-Urban,3852220
1822,4,3,Urban,7191424
1068,2,1,Urban,2806628
1451,3,2,Urban,5157750
1336,3,2,Semi-Urban,4041429
1076,2,1,Urban,3063833
1028,2,1,Urban,2871264
2234,5,4,Urban,9126653
1438,3,2,Semi-Urban,4302439
1436,3,2,Semi-Urban,4089447
942,2,1,Urban,2889958
1985,4,3,Rural,4682057
2122,5,4,Urban,9009867
2124,5,4,Urban,9193280
1186,2,2,Semi-Urban,3847592
1611,3,3,Rural,3641612
1353,3,2,Semi-Urban,4008401
1065,2,1,Urban,3085194
1284,2,2,Semi-Urban,3840097
1864,4,3,Urban,6845502
1539,3,2,Urban,4984088
1679,3,3,Rural,3833644
1649,3,3,Rural,3940001
1532,3,3,Rural,3606914
2223,5,4,Urban,8979875
1886,4,3,Urban,7030863
1600,3,3,Rural,3938154
1745,4,3,Urban,6833502
1976,4,3,Rural,4513186
1506,3,3,Rural,3968815
1426,3,2,Urban,4912496
1782,4,3,Urban,6861845
1732,4,3,Urban,6853065
1470,3,2,Urban,5150117
1586,3,3,Rural,3735700
1526,3,2,Urban,4863585
1808,4,3,Urban,6965044
1495,3,2,Urban,5071302
1837,4,3,Urban,6953813
1778,4,3,Urban,7141673
2012,4,3,Rural,4591422
935,2,1,Urban,3189633
1825,4,3,Urban,6888283
1549,3,3,Rural,3911375
1104,2,2,Semi-Urban,4151122
2201,5,4,Urban,8953126
1355,3,2,Semi-Urban,4125821
937,2,1,Urban,3010858
1040,2,1,Urban,3151227
909,2,1,Urban,3135474
2085,4,3,Rural,4321219
1854,4,3,Urban,7154211
2009,4,3,Rural,4409187
1849,4,3,Urban,6939709
1546,3,3,Rural,3654834
1900,4,3,Rural,4426292
2083,4,3,Rural,4514209
2193,5,4,Urban,9075565
1104,2,2,Semi-Urban,3861048
2028,4,3,Rural,4645081
2183,5,4,Urban,9089539
1449,3,2,Urban,4963955
1120,2,2,Semi-Urban,4014184
1651,3,3,Rural,3653644
1954,4,3,Rural,4422961
1408,3,2,Semi-Urban,4324383
1000,2,1,Urban,2985694
1462,3,2,Urban,4834305
1474,3,2,Urban,5024345
1695,3,3,Rural,3788668
2164,5,4,Urban,9067979
1496,3,2,Urban,5157804
1158,2,2,Semi-Urban,4188044
2099,4,3,Rural,4695365
1952,4,3,Rural,4556280
1476,3,2,Semi-Urban,4172742
1500,3,3,Rural,3816278
934,2,1,Urban,2843497
2248,5,4,Urban,9177304
1065,2,1,Urban,2850874
1489,3,2,Urban,4908452
1693,3,3,Rural,3985259
1379,3,2,Semi-Urban,4294348
995,2,1,Urban,2909132
1113,2,2,Semi-Urban,4069421
1920,4,3,Rural,4594775
1438,3,2,Urban,4878003
1488,3,2,Semi-Urban,4372512
1055,2,1,Urban,2851054
2247,5,4,Urban,9136660
1143,2,2,Semi-Urban,4005709
1136,2,2,Semi-Urban,3984643
1039,2,1,Urban,3115355
2010,4,3,Rural,4680897
923,2,1,Urban,3155538
1429,3,2,Urban,4980899
943,2,1,Urban,2917379
1295,2,2,Semi-Urban,4130226
1474,3,2,Semi-Urban,4302067
1026,2,1,Urban,3077061
2001,4,3,Rural,4465590
1501,3,3,Rural,3916555
1397,3,2,Semi-Urban,4235850
2165,5,4,Urban,8851019
1898,4,3,Urban,7121872
921,2,1,Urban,3112252
1900,4,3,Rural,4574992
1451,3,2,Semi-Urban,4205101
1901,4,3,Rural,4565960
2105,5,4,Urban,8950003
1286,2,2,Semi-Urban,3935679
2069,4,3,Rural,4527285
1347,3,2,Semi-Urban,4125780
2075,4,3,Rural,4526819
1953,4,3,Rural,4679527
1963,4,3,Rural,4699105
1437,3,2,Urban,5127744
1425,3,2,Urban,4921830
1288,2,2,Semi-Urban,4199640
1019,2,1,Urban,3133955
1943,4,3,Rural,4637949
2276,5,4,Urban,8844717
1084,2,1,Urban,3070685
2250,5,4,Urban,9106561
980,2,1,Urban,3191227
1116,2,2,Semi-Urban,3959986
2071,4,3,Rural,4466770
1926,4,3,Rural,4375124
1819,4,3,Urban,7035391
2294,5,4,Urban,9028071
952,2,1,Urban,3196048
974,2,1,Urban,2971106
1558,3,3,Rural,3786407
1632,3,3,Rural,3783123
1516,3,2,Urban,5183592
1753,4,3,Urban,7161632
1326,3,2,Semi-Urban,4177189
1510,3,3,Rural,3889770
1401,3,2,Semi-Urban,4090204
1448,3,2,Urban,4886354
1428,3,2,Urban,4866643
1454,3,2,Urban,5107571
2272,5,4,Urban,8993195
2229,5,4,Urban,8804334
1289,2,2,Semi-Urban,3852354
1276,2,2,Semi-Urban,4127673
1579,3,2,Urban,4999293
1781,4,3,Urban,7149010
1004,2,1,Urban,3069229
2170,5,4,Urban,8945142
1757,4,3,Urban,7084941
2035,4,3,Rural,4360375
2133,5,4,Urban,8964358
2145,5,4,Urban,8944776
1180,2,2,Semi-Urban,3946895
1008,2,1,Urban,2932653
1069,2,1,Urban,2847534
1509,3,3,Rural,3651477
1463,3,2,Semi-Urban,4277775
1492,3,2,Semi-Urban,4285463
1485,3,2,Semi-Urban,4399532
1402,3,2,Semi-Urban,4191235
1958,4,3,Rural,4326534
2069,4,3,Rural,4458899
2289,5,4,Urban,8930051
1528,3,2,Urban,4896082
1271,2,2,Semi-Urban,4143919
1195,2,2,Semi-Urban,3865217
1352,3,2,Semi-Urban,4379695
2230,5,4,Urban,9148738
1635,3,3,Rural,3818858
1712,4,3,Urban,6871456
1505,3,2,Urban,4817618
2277,5,4,Urban,9096561
1437,3,2,Urban,5181503
1519,3,2,Urban,5137854
1415,3,2,Urban,5034129
2134,5,4,Urban,8924590
1499,3,2,Semi-Urban,4223317
1281,2,2,Semi-Urban,4090490
1122,2,2,Semi-Urban,3968443
1433,3,2,Semi-Urban,4267061
1485,3,2,Urban,4940075
1728,4,3,Urban,6942217
1042,2,1,Urban,3175009
2273,5,4,Urban,8808452
1065,2,1,Urban,3009657
1545,3,3,Rural,3746796
1401,3,2,Semi-Urban,4390700
1822,4,3,Urban,7074420
2150,5,4,Urban,8806461
1380,3,2,Semi-Urban,4377145
1406,3,2,Urban,4916017
1191,2,2,Semi-Urban,3853234
939,2,1,Urban,3035717
1974,4,3,Rural,4685915
2015,4,3,Rural,4502465
1780,4,3,Urban,6937354
1585,3,2,Urban,5003573
1634,3,3,Rural,3657214
1057,2,1,Urban,3132445
1559,3,2,Urban,5054929
1051,2,1,Urban,3072420
1813,4,3,Urban,7123201
1875,4,3,Urban,6946651
1661,3,3,Rural,3666662
2045,4,3,Rural,4408617
1526,3,2,Urban,5150201
2259,5,4,Urban,9035040
1938,4,3,Rural,4432761
1423,3,2,Urban,4865751
2024,4,3,Rural,4561917
2151,5,4,Urban,8871756
1172,2,2,Semi-Urban,4131444
1278,2,2,Semi-Urban,3985983
1551,3,3,Rural,3877072
1165,2,2,Semi-Urban,3980392
1115,2,2,Semi-Urban,3998458
1318,3,2,Semi-Urban,4159242
914,2,1,Urban,2945553
1392,3,2,Semi-Urban,4204216
1493,3,2,Semi-Urban,4383933
1557,3,3,Rural,3944515
1319,3,2,Semi-Urban,4078187
1264,2,2,Semi-Urban,4017361
2265,5,4,Urban,9037061
1672,3,3,Rural,3978976
1596,3,3,Rural,3828265
1812,4,3,Urban,7065651
1650,3,3,Rural,3613440
1737,4,3,Urban,7074839
1604,3,3,Rural,3824401
1000,2,1,Urban,2846140
1214,2,2,Semi-Urban,4092840
1685,3,3,Rural,3618368
1129,2,2,Semi-Urban,3803518
1188,2,2,Semi-Urban,4153705
2052,4,3,Rural,4530641
1600,3,3,Rural,3854234
1463,3,2,Urban,5053588
1936,4,3,Rural,4508484
1445,3,2,Urban,4908715
1284,2,2,Semi-Urban,3889275
1107,2,2,Semi-Urban,4078740
1958,4,3,Rural,4507929
2082,4,3,Rural,4367845
1513,3,2,Urban,5081784
1878,4,3,Urban,7031517
1586,3,2,Urban,4856865
2049,4,3,Rural,4327069
2221,5,4,Urban,8819935
2093,4,3,Rural,4426522
2168,5,4,Urban,8979978
1022,2,1,Urban,3119636
2048,4,3,Rural,4640415
1034,2,1,Urban,2927373
1726,4,3,Urban,7082520
1451,3,2,Urban,4898509
2100,5,4,Urban,8964069
1563,3,2,Urban,5135765
909,2,1,Urban,2895870
2109,5,4,Urban,8838584
1508,3,2,Urban,4977113
1957,4,3,Rural,4479047
1191,2,2,Semi-Urban,3824496
1047,2,1,Urban,3109337
1456,3,2,Urban,5096288
1072,2,1,Urban,2996427
1430,3,2,Semi-Urban,4161205
1000,2,1,Urban,3024265
2235,5,4,Urban,8968978
1370,3,2,Semi-Urban,4367799
1654,3,3,Rural,3984057
2106,5,4,Urban,8815477
1245,2,2,Semi-Urban,4039789
1452,3,2,Semi-Urban,4098363
1518,3,3,Rural,3944146
2040,4,3,Rural,4508731
1074,2,1,Urban,3155708
1552,3,2,Urban,4867914
1826,4,3,Urban,7046084
943,2,1,Urban,2916136
1533,3,3,Rural,3961567
989,2,1,Urban,2932587
1210,2,2,Semi-Urban,4048959
1905,4,3,Rural,4697473
1771,4,3,Urban,6952137
1466,3,2,Semi-Urban,4093677
1407,3,2,Semi-Urban,4259098
1407,3,2,Semi-Urban,4241468
1553,3,3,Rural,3642919
2289,5,4,Urban,8990823
2195,5,4,Urban,9121403
1520,3,2,Urban,4894185
1809,4,3,Urban,6820607
1383,3,2,Semi-Urban,4085278
2182,5,4,Urban,8904549
1604,3,3,Rural,3924745
1437,3,2,Urban,4881983
1989,4,3,Rural,4313489
1531,3,2,Urban,5132078
2178,5,4,Urban,9109977
1236,2,2,Semi-Urban,3960425
1508,3,3,Rural,3943909
1255,2,2,Semi-Urban,4042066
1445,3,2,Semi-Urban,4225999
1149,2,2,Semi-Urban,3940009
1334,3,2,Semi-Urban,4085117
1345,3,2,Semi-Urban,4119481
2272,5,4,Urban,9013365
1231,2,2,Semi-Urban,3978080
1401,3,2,Semi-Urban,4309846
1848,4,3,Urban,7151656
1940,4,3,Rural,4682168
1475,3,2,Urban,4831357
1466,3,2,Urban,4877423
2226,5,4,Urban,8958585
1262,2,2,Semi-Urban,3957250
1218,2,2,Semi-Urban,4187448
1443,3,2,Semi-Urban,4333637
1569,3,3,Rural,3773073
941,2,1,Urban,3027092
1453,3,2,Semi-Urban,4079494
2072,4,3,Rural,4350990
1844,4,3,Urban,6843037
1511,3,2,Urban,5125135
1456,3,2,Semi-Urban,4068610
1072,2,1,Urban,3092099
954,2,1,Urban,3097423
1489,3,2,Semi-Urban,4176966
2185,5,4,Urban,9058198
1442,3,2,Urban,4899208
2149,5,4,Urban,9173525
1842,4,3,Urban,7179730
914,2,1,Urban,3140108
1092,2,1,Urban,2850645
1916,4,3,Rural,4301779
1848,4,3,Urban,7012495
1020,2,1,Urban,2911851
1710,4,3,Urban,6886863
1420,3,2,Urban,4867496
1138,2,2,Semi-Urban,4044284
913,2,1,Urban,2912187
2035,4,3,Rural,4455513
1461,3,2,Urban,5086233
1487,3,2,Semi-Urban,4284629
1827,4,3,Urban,7179853
1488,3,2,Semi-Urban,4241030
2151,5,4,Urban,9021753
1519,3,2,Urban,4845927
1354,3,2,Semi-Urban,4033271
1664,3,3,Rural,3814687
1627,3,3,Rural,3931747
906,2,1,Urban,3085015
1807,4,3,Urban,7027854
1242,2,2,Semi-Urban,3913836
1481,3,2,Urban,4977455
1065,2,1,Urban,2981962
1925,4,3,Rural,4541132
2283,5,4,Urban,8999756
1756,4,3,Urban,7186420
1544,3,2,Urban,5073753
1525,3,3,Rural,3830947
1414,3,2,Urban,5024169
1132,2,2,Semi-Urban,3994151
1630,3,3,Rural,3819237
1113,2,2,Semi-Urban,4142405
1932,4,3,Rural,4652612
2115,5,4,Urban,8888868
1916,4,3,Rural,4654661
1072,2,1,Urban,3015428
934,2,1,Urban,3146482
2097,4,3,Rural,4304283
2118,5,4,Urban,9025443
2054,4,3,Rural,4595460
2149,5,4,Urban,8927873
2117,5,4,Urban,9095273
1307,3,2,Semi-Urban,4072057
1643,3,3,Rural,3844420
1710,4,3,Urban,7018788
2140,5,4,Urban,8934430
1103,2,2,Semi-Urban,4044559
2241,5,4,Urban,9001904
2286,5,4,Urban,8917831
2227,5,4,Urban,8909348
1390,3,2,Semi-Urban,4326312
1632,3,3,Rural,3603362
1476,3,2,Semi-Urban,4248132
1024,2,1,Urban,2893781
1401,3,2,Semi-Urban,4070369
1148,2,2,Semi-Urban,4167755
1291,2,2,Semi-Urban,4188525
1391,3,2,Semi-Urban,4190070
1690,3,3,Rural,3985382
1974,4,3,Rural,4439416
1804,4,3,Urban,6978577
1624,3,3,Rural,3905154
1417,3,2,Semi-Urban,4300769
2121,5,4,Urban,9190165
1538,3,2,Urban,4901256
1876,4,3,Urban,7050526
1783,4,3,Urban,6857641
1228,2,2,Semi-Urban,3848270
1752,4,3,Urban,6856083
1428,3,2,Semi-Urban,4077907
2243,5,4,Urban,8936608
2217,5,4,Urban,9197122
991,2,1,Urban,3075719
2256,5,4,Urban,8879476
1686,3,3,Rural,3707315
2285,5,4,Urban,8961397
1117,2,2,Semi-Urban,4027505
2207,5,4,Urban,9130250
1043,2,1,Urban,3179870
1400,3,2,Urban,4889112
1492,3,2,Semi-Urban,4261712
1174,2,2,Semi-Urban,3952899
1561,3,3,Rural,3825515
1509,3,2,Urban,5018223
1206,2,2,Semi-Urban,3858942
2006,4,3,Rural,4331418
1726,4,3,Urban,7193203
2075,4,3,Rural,4634183
2146,5,4,Urban,8830897
1424,3,2,Urban,4829401
2225,5,4,Urban,8956689
1881,4,3,Urban,7057580
1159,2,2,Semi-Urban,4030101
1873,4,3,Urban,7053089
1097,2,1,Urban,3049272
1728,4,3,Urban,7099759
1058,2,1,Urban,2837944
1898,4,3,Urban,7000424
1455,3,2,Semi-Urban,4044248
1034,2,1,Urban,2885971
1547,3,2,Urban,4905480
2243,5,4,Urban,8855538
1587,3,3,Rural,3880846
2280,5,4,Urban,9066058
2080,4,3,Rural,4318325
2165,5,4,Urban,8838114
1181,2,2,Semi-Urban,3837618
1497,3,2,Semi-Urban,4353990
1891,4,3,Urban,6861057
2083,4,3,Rural,4511324
1132,2,2,Semi-Urban,3924316
1242,2,2,Semi-Urban,3961134
1064,2,1,Urban,2836250
2238,5,4,Urban,9150311
1470,3,2,Urban,5163267
1694,3,3,Rural,3622996
1571,3,2,Urban,5149419
1950,4,3,Rural,4515454
1383,3,2,Semi-Urban,4053847
1557,3,2,Urban,5002514
1848,4,3,Urban,6978331
1463,3,2,Urban,5111502
1975,4,3,Rural,4353307
1550,3,3,Rural,3667540
1528,3,2,Urban,4880906
1775,4,3,Urban,6920960
1031,2,1,Urban,2942300
1326,3,2,Semi-Urban,4235311
2036,4,3,Rural,4546697
961,2,1,Urban,2952925
996,2,1,Urban,3195303
963,2,1,Urban,2977972
1296,2,2,Semi-Urban,4154468
1396,3,2,Semi-Urban,4262235
1511,3,3,Rural,3612620
2206,5,4,Urban,8914482
1497,3,2,Semi-Urban,4358661
1185,2,2,Semi-Urban,3819478
2253,5,4,Urban,9048769
1334,3,2,Semi-Urban,4360467
906,2,1,Urban,2947113
2030,4,3,Rural,4594002
2256,5,4,Urban,8906925
1879,4,3,Urban,6921905
1719,4,3,Urban,7149336
1541,3,2,Urban,5086478
2298,5,4,Urban,9066032
2035,4,3,Rural,4351446
1668,3,3,Rural,3935528
1120,2,2,Semi-Urban,3934983
1090,2,1,Urban,3040654
1457,3,2,Urban,4923076
1894,4,3,Urban,7122696
1266,2,2,Semi-Urban,3929421
1167,2,2,Semi-Urban,3897964
1022,2,1,Urban,2986121
1591,3,3,Rural,3776449
1683,3,3,Rural,3679603
2273,5,4,Urban,8841095
1798,4,3,Urban,7071904
1585,3,3,Rural,3746031
2010,4,3,Rural,4565752
1527,3,3,Rural,3787346
1154,2,2,Semi-Urban,4183518
1076,2,1,Urban,3021470
1969,4,3,Rural,4532899
2168,5,4,Urban,9174699
1780,4,3,Urban,6840667
2227,5,4,Urban,9119161
1205,2,2,Semi-Urban,4003950
1912,4,3,Rural,4353994
2076,4,3,Rural,4592178
1947,4,3,Rural,4517598
1266,2,2,Semi-Urban,4111395
1162,2,2,Semi-Urban,3947350
2164,5,4,Urban,9008070
1531,3,2,Urban,4809085
2148,5,4,Urban,9157340
1808,4,3,Urban,6966734
990,2,1,Urban,2835425
2071,4,3,Rural,4430743
1591,3,2,Urban,5195054
1097,2,1,Urban,2981390
1552,3,2,Urban,5117289
1689,3,3,Rural,3930407
1653,3,3,Rural,3617098
1455,3,2,Semi-Urban,4165590
1580,3,3,Rural,3923202
2205,5,4,Urban,9034190
1597,3,3,Rural,3843259
1115,2,2,Semi-Urban,4118369
2050,4,3,Rural,4696657
2261,5,4,Urban,9072844
911,2,1,Urban,3000957
1408,3,2,Semi-Urban,4024591
1314,3,2,Semi-Urban,4342314
1409,3,2,Semi-Urban,4197615
970,2,1,Urban,2836730
1082,2,1,Urban,3026165
1025,2,1,Urban,3012623
998,2,1,Urban,3058101
1453,3,2,Semi-Urban,4283829
1495,3,2,Semi-Urban,4330313
1519,3,2,Urban,4878222
2294,5,4,Urban,8858886
2072,4,3,Rural,4593673
1638,3,3,Rural,3939968
1533,3,3,Rural,3673418
1296,2,2,Semi-Urban,3974676
1326,3,2,Semi-Urban,4002665
1226,2,2,Semi-Urban,3833148
2225,5,4,Urban,8980423
2204,5,4,Urban,8939115
1207,2,2,Semi-Urban,4170888
1480,3,2,Semi-Urban,4134073
1253,2,2,Semi-Urban,3813283
1644,3,3,Rural,3805774
1503,3,2,Urban,4879037
1683,3,3,Rural,3981322
1883,4,3,Urban,6839747
1356,3,2,Semi-Urban,4291133
1347,3,2,Semi-Urban,4192634
2082,4,3,Rural,4643085
906,2,1,Urban,3192113
1807,4,3,Urban,6825318
2250,5,4,Urban,8982019
1440,3,2,Semi-Urban,4054574
1282,2,2,Semi-Urban,3937823
1850,4,3,Urban,6821076
2062,4,3,Rural,4520070
2192,5,4,Urban,8910229
985,2,1,Urban,3040077
1020,2,1,Urban,2934067
1956,4,3,Rural,4582658
1968,4,3,Rural,4443199
1195,2,2,Semi-Urban,4013237
1472,3,2,Semi-Urban,4288273
1087,2,1,Urban,3199030
2290,5,4,Urban,9011533
1779,4,3,Urban,6815118
2150,5,4,Urban,9035088
1491,3,2,Urban,4988269
1408,3,2,Urban,5101238
1972,4,3,Rural,4446220
1172,2,2,Semi-Urban,4139518
1514,3,2,Urban,4924084
1084,2,1,Urban,2823786
2191,5,4,Urban,9134786
2290,5,4,Urban,9079012
2085,4,3,Rural,4331650
1377,3,2,Semi-Urban,4112510
1380,3,2,Semi-Urban,4213803
1832,4,3,Urban,7097219
2087,4,3,Rural,4572735
1554,3,3,Rural,3777904
1774,4,3,Urban,6879285
1529,3,3,Rural,3729368
1488,3,2,Semi-Urban,4141037
1945,4,3,Rural,4492805
1609,3,3,Rural,3925251
2043,4,3,Rural,4336658
1911,4,3,Rural,4502682
1420,3,2,Semi-Urban,4385014
1747,4,3,Urban,6988564
1883,4,3,Urban,7028962
2041,4,3,Rural,4301236
1550,3,2,Urban,5190006
1230,2,2,Semi-Urban,4044683
1413,3,2,Semi-Urban,4044943
1124,2,2,Semi-Urban,4163667
1229,2,2,Semi-Urban,3932019
1721,4,3,Urban,6838250
1711,4,3,Urban,7196022
1503,3,2,Urban,4920054
1159,2,2,Semi-Urban,4137744
1212,2,2,Semi-Urban,4087422
2069,4,3,Rural,4601169
1754,4,3,Urban,6806745
1252,2,2,Semi-Urban,3852774
2116,5,4,Urban,9189991
1414,3,2,Urban,5026660
1693,3,3,Rural,3619402
2227,5,4,Urban,9124610
2221,5,4,Urban,8825889
1519,3,3,Rural,3847547
1486,3,2,Semi-Urban,4006059
1322,3,2,Semi-Urban,4185987
1520,3,2,Urban,4828573
2268,5,4,Urban,9125806
1270,2,2,Semi-Urban,3879687
1736,4,3,Urban,6882759
1570,3,2,Urban,4942585
1918,4,3,Rural,4310411
1578,3,3,Rural,3680297
2167,5,4,Urban,9017640
1516,3,2,Urban,4847364
1071,2,1,Urban,3040695
1082,2,1,Urban,3180589
1489,3,2,Semi-Urban,4015568
1659,3,3,Rural,3701247
1843,4,3,Urban,7054297
1170,2,2,Semi-Urban,4017334
1803,4,3,Urban,6992959
1799,4,3,Urban,7138802
1708,4,3,Urban,7183380
1563,3,3,Rural,3978901
1772,4,3,Urban,6939668
1986,4,3,Rural,4336552
1541,3,3,Rural,3744224
1928,4,3,Rural,4412609
1589,3,3,Rural,3755563
1457,3,2,Semi-Urban,4035527
1591,3,2,Urban,5139216
963,2,1,Urban,3053588
1717,4,3,Urban,7022376
1412,3,2,Semi-Urban,4128361
1453,3,2,Urban,4914310
918,2,1,Urban,3032331
2196,5,4,Urban,8914389
1253,2,2,Semi-Urban,4182235
2038,4,3,Rural,4674968
2162,5,4,Urban,8930797
1531,3,3,Rural,3622652
1066,2,1,Urban,2878765
2197,5,4,Urban,8893354
1152,2,2,Semi-Urban,4123990
1481,3,2,Semi-Urban,4015218
1023,2,1,Urban,3153216
2250,5,4,Urban,8851566
2087,4,3,Rural,4491263
2006,4,3,Rural,4618019
1582,3,2,Urban,5110313
2191,5,4,Urban,9156697
1700,4,3,Urban,7085328
2252,5,4,Urban,9101322
1465,3,2,Semi-Urban,4243720
1058,2,1,Urban,2987693
973,2,1,Urban,2906942
1349,3,2,Semi-Urban,4026160
2153,5,4,Urban,8926470
1473,3,2,Semi-Urban,4266917
1157,2,2,Semi-Urban,3851134
1637,3,3,Rural,3753561
1482,3,2,Semi-Urban,4168560
1994,4,3,Rural,4460888
1474,3,2,Semi-Urban,4343198
1064,2,1,Urban,3019975
1965,4,3,Rural,4623379
978,2,1,Urban,2906651
1492,3,2,Urban,4896821
1744,4,3,Urban,7186629
962,2,1,Urban,2893073
1996,4,3,Rural,4470561
1578,3,2,Urban,5020673
970,2,1,Urban,3030716
1151,2,2,Semi-Urban,4148456
1322,3,2,Semi-Urban,4377266
1854,4,3,Urban,6906467
1090,2,1,Urban,3002458
1566,3,2,Urban,4840772
1295,2,2,Semi-Urban,3925202
2152,5,4,Urban,9124659
1422,3,2,Urban,5129683
1318,3,2,Semi-Urban,4010627
1578,3,2,Urban,5145188
1218,2,2,Semi-Urban,3917169
1530,3,2,Urban,4921411
1172,2,2,Semi-Urban,3827058
1021,2,1,Urban,2829022
1593,3,3,Rural,3643485
1218,2,2,Semi-Urban,3822477
1136,2,2,Semi-Urban,3886615
1826,4,3,Urban,7115827
1217,2,2,Semi-Urban,3882301
1234,2,2,Semi-Urban,3914258
2139,5,4,Urban,9045009
1552,3,3,Rural,3971827
1081,2,1,Urban,3094872
1463,3,2,Semi-Urban,4022931
1788,4,3,Urban,7094417
2162,5,4,Urban,8998088
2016,4,3,Rural,4304522
1647,3,3,Rural,3685904
971,2,1,Urban,3013912
1012,2,1,Urban,2863344
1942,4,3,Rural,4339194
1466,3,2,Semi-Urban,4359187
1121,2,2,Semi-Urban,3905757
2224,5,4,Urban,9068739
1587,3,2,Urban,4856694
1710,4,3,Urban,6989124
1585,3,2,Urban,5170012
1957,4,3,Rural,4522573
1010,2,1,Urban,2906637
1423,3,2,Semi-Urban,4035958
1038,2,1,Urban,2800597
1727,4,3,Urban,6998603
1080,2,1,Urban,3062990
1014,2,1,Urban,2989084
1717,4,3,Urban,6937247
2209,5,4,Urban,8925019
2278,5,4,Urban,8967180
1709,4,3,Urban,6974389
1476,3,2,Semi-Urban,4079208
2066,4,3,Rural,4693452
1680,3,3,Rural,3835572
1051,2,1,Urban,2810511
1343,3,2,Semi-Urban,4060995
967,2,1,Urban,3149154
1643,3,3,Rural,3719663
2091,4,3,Rural,4681440
2106,5,4,Urban,8919593
1423,3,2,Semi-Urban,4357070
1148,2,2,Semi-Urban,4123760
1271,2,2,Semi-Urban,4117059
1579,3,3,Rural,3784217
1269,2,2,Semi-Urban,4049500
2200,5,4,Urban,8886736
1688,3,3,Rural,3942380
2193,5,4,Urban,8958768
2058,4,3,Rural,4302713
1039,2,1,Urban,2844194
2090,4,3,Rural,4458428
1923,4,3,Rural,4497338
2171,5,4,Urban,9119504
1582,3,3,Rural,3757149
1570,3,3,Rural,3843289
1101,2,2,Semi-Urban,3829601
1458,3,2,Urban,4995646
993,2,1,Urban,3057521
2157,5,4,Urban,8981619
1149,2,2,Semi-Urban,3896504
1477,3,2,Semi-Urban,4291051
1532,3,2,Urban,4983953
1486,3,2,Urban,4822679
2250,5,4,Urban,9189264
1791,4,3,Urban,7128159
1039,2,1,Urban,2970197
1584,3,2,Urban,5073218
2147,5,4,Urban,9099119
2233,5,4,Urban,8972443
1188,2,2,Semi-Urban,4008585
1318,3,2,Semi-Urban,4206657
1806,4,3,Urban,6861226
997,2,1,Urban,3006080
1517,3,3,Rural,3711012
2031,4,3,Rural,4462295
1393,3,2,Semi-Urban,4269219
1495,3,2,Semi-Urban,4161720
1286,2,2,Semi-Urban,3958230
1697,3,3,Rural,3614693
1446,3,2,Urban,4828254
1480,3,2,Urban,5187727
1213,2,2,Semi-Urban,3909350
2193,5,4,Urban,9116652
1584,3,2,Urban,4900595
1700,4,3,Urban,7091267
937,2,1,Urban,2916348
1320,3,2,Semi-Urban,4294818
1325,3,2,Semi-Urban,4383007
1729,4,3,Urban,7011611
1508,3,3,Rural,3653037
1460,3,2,Urban,5112378
1319,3,2,Semi-Urban,4027759
1991,4,3,Rural,4306763
1697,3,3,Rural,3662398
962,2,1,Urban,2973140
972,2,1,Urban,2809015
1390,3,2,Semi-Urban,4330734
1234,2,2,Semi-Urban,4010861
1552,3,3,Rural,3813461
1360,3,2,Semi-Urban,4315657
1221,2,2,Semi-Urban,4116529
1408,3,2,Semi-Urban,4293664
1918,4,3,Rural,4598560
1625,3,3,Rural,3775055
2155,5,4,Urban,9172127
1007,2,1,Urban,3187616
1366,3,2,Semi-Urban,4259850
2012,4,3,Rural,4523451
1154,2,2,Semi-Urban,3860825
1250,2,2,Semi-Urban,3833674
910,2,1,Urban,2852239
1826,4,3,Urban,7137570
1412,3,2,Semi-Urban,4029166
1682,3,3,Rural,3858798
1501,3,2,Urban,4808705
1282,2,2,Semi-Urban,3802327
1622,3,3,Rural,3743265
1677,3,3,Rural,3688826
2200,5,4,Urban,8983356
1605,3,3,Rural,3653309
1666,3,3,Rural,3696915
2140,5,4,Urban,8863360
1117,2,2,Semi-Urban,3924654
1540,3,3,Rural,3614280
1789,4,3,Urban,7066534
1892,4,3,Urban,6971656
2056,4,3,Rural,4319291
2174,5,4,Urban,8958033
1945,4,3,Rural,4528177
2156,5,4,Urban,8905999
1391,3,2,Semi-Urban,4213758
1425,3,2,Semi-Urban,4074550
1546,3,3,Rural,3656333
1488,3,2,Urban,5140987
1375,3,2,Semi-Urban,4193997
1411,3,2,Urban,4899192
1302,3,2,Semi-Urban,4163131
969,2,1,Urban,3015484
1346,3,2,Semi-Urban,4354080
1947,4,3,Rural,4646619
1262,2,2,Semi-Urban,4158999
1620,3,3,Rural,3787910
2041,4,3,Rural,4462002
1238,2,2,Semi-Urban,3906494
1860,4,3,Urban,6821679
1981,4,3,Rural,4506838
1794,4,3,Urban,7177928
1528,3,2,Urban,5001220
1471,3,2,Urban,4975964
1064,2,1,Urban,3188820
1326,3,2,Semi-Urban,4259099
1948,4,3,Rural,4302471
1878,4,3,Urban,6837764
1154,2,2,Semi-Urban,4156570
1437,3,2,Urban,5132013
1307,3,2,Semi-Urban,4033433
1569,3,2,Urban,4946447
1248,2,2,Semi-Urban,3965411
1407,3,2,Semi-Urban,4199739
1340,3,2,Semi-Urban,4392606
1879,4,3,Urban,7054084
1846,4,3,Urban,6836086
2089,4,3,Rural,4518821
2033,4,3,Rural,4434549
2209,5,4,Urban,8825645
1568,3,3,Rural,3747196
2163,5,4,Urban,8953531
1071,2,1,Urban,3198084
1596,3,2,Urban,5117678
2005,4,3,Rural,4628621
1760,4,3,Urban,7056207
1247,2,2,Semi-Urban,3805334
1887,4,3,Urban,7151101
1589,3,2,Urban,4917832
2126,5,4,Urban,8975278
1730,4,3,Urban,7184346
1646,3,3,Rural,3937129
983,2,1,Urban,2830032
1402,3,2,Urban,5069447
2236,5,4,Urban,9005823
1505,3,3,Rural,3923213
1165,2,2,Semi-Urban,3909191
2293,5,4,Urban,9189964
1362,3,2,Semi-Urban,4095777
1639,3,3,Rural,3714567
1544,3,3,Rural,3845043
956,2,1,Urban,3001086
1493,3,2,Urban,4959349
1148,2,2,Semi-Urban,3890078
905,2,1,Urban,3053198
2141,5,4,Urban,8869733
961,2,1,Urban,3106599
1607,3,3,Rural,3685149
1480,3,2,Urban,4871829
1960,4,3,Rural,4597301
986,2,1,Urban,3095914
1428,3,2,Semi-Urban,4334171
934,2,1,Urban,3042340
2101,5,4,Urban,9066063
2239,5,4,Urban,9126786
1173,2,2,Semi-Urban,3951721
2149,5,4,Urban,8919809
1893,4,3,Urban,6992279
1593,3,2,Urban,5069047
1408,3,2,Urban,4925352
2048,4,3,Rural,4673338
2010,4,3,Rural,4405142
1561,3,2,Urban,4975860
1427,3,2,Semi-Urban,4315031
2032,4,3,Rural,4662992
1155,2,2,Semi-Urban,4103758
2120,5,4,Urban,9116399
1416,3,2,Urban,5119282
1693,3,3,Rural,3930440
1903,4,3,Rural,4635626
1524,3,2,Urban,5095906
1886,4,3,Urban,6838370
1031,2,1,Urban,2810295
2188,5,4,Urban,8889438
1533,3,2,Urban,5048380
943,2,1,Urban,2861932
1974,4,3,Rural,4481632
1045,2,1,Urban,2821261
2118,5,4,Urban,8956902
1584,3,2,Urban,5120012
1741,4,3,Urban,6839575
1461,3,2,Semi-Urban,4294467
1991,4,3,Rural,4672567
1590,3,2,Urban,4820132
2198,5,4,Urban,9076283
1976,4,3,Rural,4673469
1119,2,2,Semi-Urban,4145320
1057,2,1,Urban,2837182
1494,3,2,Semi-Urban,4035794
2143,5,4,Urban,9065736
1210,2,2,Semi-Urban,4147988
1634,3,3,Rural,3707919
1424,3,2,Urban,5150922
1799,4,3,Urban,7188601
1976,4,3,Rural,4535126
965,2,1,Urban,2914285
2026,4,3,Rural,4427316
1388,3,2,Semi-Urban,4257865
1523,3,2,Urban,4848913
2043,4,3,Rural,4603232
1055,2,1,Urban,2832571
1459,3,2,Urban,5032497
1990,4,3,Rural,4333437
1738,4,3,Urban,6883709
2295,5,4,Urban,8855534
1407,3,2,Urban,5012576
2100,5,4,Urban,9105632
1628,3,3,Rural,3852649
1528,3,2,Urban,5178132
1874,4,3,Urban,7110023
2196,5,4,Urban,9032543
1221,2,2,Semi-Urban,3863943
1044,2,1,Urban,2895121
1145,2,2,Semi-Urban,3827529
2020,4,3,Rural,4555043
1793,4,3,Urban,6881052
1164,2,2,Semi-Urban,3982890
1402,3,2,Urban,5051496
1990,4,3,Rural,4404536
1986,4,3,Rural,4351555
1142,2,2,Semi-Urban,3832716
1615,3,3,Rural,3797759
1277,2,2,Semi-Urban,4019579
1588,3,3,Rural,3765025
1797,4,3,Urban,7040387
1016,2,1,Urban,3048854
1105,2,2,Semi-Urban,4198936
1357,3,2,Semi-Urban,4011232
1648,3,3,Rural,3889576
1198,2,2,Semi-Urban,3912166
2113,5,4,Urban,8926701
1504,3,2,Urban,5159252
1302,3,2,Semi-Urban,4089141
1394,3,2,Semi-Urban,4219781
1667,3,3,Rural,3933804
2201,5,4,Urban,9144766
2108,5,4,Urban,9107682
1900,4,3,Rural,4665367
1546,3,3,Rural,3767322
1044,2,1,Urban,2900356
1563,3,2,Urban,5098174
1745,4,3,Urban,6913481
1384,3,2,Semi-Urban,4165923
1800,4,3,Urban,6922719
1287,2,2,Semi-Urban,3825853
1125,2,2,Semi-Urban,4068964
1790,4,3,Urban,7089256
1207,2,2,Semi-Urban,4143511
989,2,1,Urban,3082424
2224,5,4,Urban,8881244
1175,2,2,Semi-Urban,3973322
2095,4,3,Rural,4553889
1207,2,2,Semi-Urban,4134117
1458,3,2,Urban,5081136
1060,2,1,Urban,3110704
1504,3,2,Urban,5040763
1528,3,2,Urban,4814333
1903,4,3,Rural,4556958
1019,2,1,Urban,2906058
1013,2,1,Urban,3102297
1585,3,3,Rural,3829197
911,2,1,Urban,2858743
901,2,1,Urban,3001588
1037,2,1,Urban,3120446
1969,4,3,Rural,4668411
1126,2,2,Semi-Urban,3870504
1593,3,3,Rural,3663018
1493,3,2,Urban,5051901
1031,2,1,Urban,2890137
1411,3,2,Semi-Urban,4138828
1265,2,2,Semi-Urban,3880993
1157,2,2,Semi-Urban,3861097
1519,3,2,Urban,4823789
2074,4,3,Rural,4411134
1786,4,3,Urban,7082942
1767,4,3,Urban,7132698
1188,2,2,Semi-Urban,3823126
2237,5,4,Urban,9181612
2141,5,4,Urban,9101676
1524,3,2,Urban,5100799
1703,4,3,Urban,6860576
1216,2,2,Semi-Urban,3855563
2036,4,3,Rural,4505283
1770,4,3,Urban,7011909
1107,2,2,Semi-Urban,3954135
1234,2,2,Semi-Urban,3866847
1049,2,1,Urban,3103499
1928,4,3,Rural,4523405
1074,2,1,Urban,3127863
1510,3,2,Urban,5005280
1000,2,1,Urban,2964253
1455,3,2,Semi-Urban,4152310
944,2,1,Urban,3008341
